ticket_id,customer_id,ticket_date,status
1,1865,2021-09-17,Pending
2,2680,2023-07-23,Pending
3,7832,2024-10-03,Resolved
4,5250,2022-06-26,Pending
5,8832,2022-06-01,Pending
6,1330,2024-12-24,Resolved
7,9355,2024-05-26,Resolved
8,7061,2021-05-24,Resolved
9,3915,2022-03-31,Pending
10,3559,2023-02-14,Resolved
11,4953,2023-09-28,Resolved
12,9492,2021-12-12,Resolved
13,7974,2024-02-19,Resolved
14,1939,2024-03-04,Escalated
15,9564,2023-09-04,Pending
16,4043,2023-11-29,Resolved
17,6235,2023-06-03,Pending
18,4681,2023-11-02,Resolved
19,8532,2022-01-31,Pending
20,5108,2024-04-30,Pending
21,3878,2023-12-13,Resolved
22,2298,2024-09-23,Pending
23,6225,2021-10-20,Pending
24,2276,2022-07-23,Pending
25,81,2021-03-13,Resolved
26,8997,2023-05-03,Pending
27,7413,2023-09-01,Pending
28,3846,2023-03-08,Resolved
29,9608,2022-12-15,Pending
30,4418,2022-11-08,Pending
31,8674,2022-02-02,Pending
32,8652,2024-04-10,Resolved
33,8320,2025-01-17,Pending
34,7494,2023-07-30,Resolved
35,6490,2024-04-07,Resolved
36,6548,2021-12-02,Resolved
37,8996,2021-10-04,Resolved
38,394,2023-08-26,Resolved
39,412,2022-09-16,Pending
40,3749,2023-12-09,Pending
41,3590,2021-11-13,Resolved
42,509,2021-06-01,Resolved
43,9159,2024-11-07,Pending
44,1936,2024-05-18,Resolved
45,4322,2021-09-12,Pending
46,9052,2021-07-19,Resolved
47,969,2024-03-29,Escalated
48,8273,2022-12-24,Pending
49,6439,2022-11-15,Resolved
50,4235,2022-04-11,Resolved
51,3973,2023-08-21,Resolved
52,7983,2021-03-06,Pending
53,9458,2022-02-05,Resolved
54,3953,2022-12-01,Resolved
55,2651,2021-09-03,Resolved
56,929,2024-04-08,Resolved
57,5170,2023-12-28,Resolved
58,2815,2022-09-17,Escalated
59,1352,2023-01-12,Resolved
60,7452,2022-05-03,Pending
61,6549,2022-10-18,Resolved
62,6284,2023-08-05,Resolved
63,5480,2022-09-29,Pending
64,9335,2022-09-26,Resolved
65,6280,2024-04-15,Resolved
66,9379,2022-06-15,Resolved
67,2850,2025-02-12,Pending
68,7669,2023-05-19,Resolved
69,8470,2023-10-03,Pending
70,2773,2024-10-27,Resolved
71,3870,2022-09-25,Pending
72,1900,2024-06-13,Resolved
73,42,2024-05-22,Resolved
74,4093,2022-02-25,Pending
75,4935,2023-12-05,Pending
76,6293,2022-09-26,Escalated
77,8510,2024-03-03,Resolved
78,3181,2022-12-05,Escalated
79,858,2021-12-12,Pending
80,7960,2023-07-08,Resolved
81,5251,2022-03-27,Pending
82,6290,2024-12-16,Escalated
83,1569,2021-10-12,Pending
84,4096,2021-10-21,Resolved
85,2649,2022-04-22,Resolved
86,4892,2022-03-09,Resolved
87,8180,2023-04-14,Pending
88,1324,2023-10-22,Pending
89,3676,2023-10-29,Pending
90,7923,2023-03-07,Pending
91,2957,2022-12-14,Pending
92,512,2024-06-26,Resolved
93,2982,2022-03-31,Pending
94,3922,2025-01-16,Escalated
95,8362,2022-01-29,Pending
96,3927,2023-11-16,Pending
97,7232,2024-03-06,Resolved
98,9049,2022-07-30,Resolved
99,8427,2023-03-14,Resolved
100,4718,2021-05-15,Resolved
101,7912,2025-02-22,Resolved
102,566,2021-10-28,Pending
103,1123,2023-12-14,Pending
104,5857,2023-09-17,Pending
105,207,2022-11-23,Resolved
106,5786,2021-09-06,Resolved
107,2933,2024-08-27,Resolved
108,6442,2022-11-08,Pending
109,7955,2025-03-01,Pending
110,1022,2023-02-18,Resolved
111,9887,2023-02-06,Resolved
112,1929,2021-08-01,Resolved
113,1682,2023-12-14,Resolved
114,5964,2023-03-15,Resolved
115,8896,2024-10-31,Resolved
116,6319,2021-08-08,Pending
117,4118,2022-10-13,Resolved
118,3699,2024-07-09,Resolved
119,7991,2022-09-02,Resolved
120,2906,2023-02-03,Resolved
121,9449,2022-06-09,Resolved
122,3182,2022-11-21,Resolved
123,6666,2022-07-26,Pending
124,7614,2022-02-22,Pending
125,5869,2022-12-20,Resolved
126,5371,2024-06-25,Resolved
127,1414,2024-12-11,Resolved
128,928,2024-01-10,Resolved
129,9912,2021-05-20,Resolved
130,6631,2023-07-03,Resolved
131,9416,2023-11-08,Resolved
132,9285,2022-06-12,Resolved
133,2894,2023-12-23,Resolved
134,5180,2024-07-20,Pending
135,9969,2024-07-06,Resolved
136,3093,2022-10-05,Resolved
137,3646,2023-04-20,Pending
138,71,2024-02-14,Pending
139,2415,2022-12-29,Resolved
140,6221,2024-10-20,Resolved
141,3228,2023-06-25,Resolved
142,6165,2023-11-28,Resolved
143,8308,2024-12-23,Escalated
144,1864,2021-06-21,Resolved
145,8694,2022-04-15,Pending
146,4694,2023-08-25,Resolved
147,4165,2023-04-16,Pending
148,2405,2021-09-10,Resolved
149,554,2022-06-29,Resolved
150,4143,2024-05-10,Resolved
151,4614,2025-02-20,Resolved
152,9654,2024-03-18,Resolved
153,8334,2022-10-06,Escalated
154,6412,2022-07-27,Escalated
155,3715,2023-01-01,Resolved
156,1577,2024-04-18,Resolved
157,4059,2025-01-22,Resolved
158,9864,2024-11-14,Escalated
159,6187,2021-06-08,Pending
160,9093,2022-05-14,Pending
161,9685,2021-06-08,Resolved
162,1893,2023-12-19,Resolved
163,9448,2022-10-13,Resolved
164,4761,2024-02-22,Resolved
165,6336,2022-11-03,Pending
166,1048,2023-03-31,Resolved
167,2006,2024-01-23,Resolved
168,5975,2024-08-11,Pending
169,3897,2023-05-14,Resolved
170,4018,2023-03-26,Resolved
171,6797,2023-06-19,Resolved
172,4659,2024-10-04,Pending
173,7269,2023-10-07,Pending
174,7094,2022-02-22,Escalated
175,6076,2023-11-10,Pending
176,2806,2023-03-29,Resolved
177,7678,2023-11-14,Resolved
178,5396,2021-04-10,Resolved
179,305,2022-06-29,Resolved
180,2593,2023-10-29,Resolved
181,1222,2021-10-24,Resolved
182,7847,2021-07-31,Pending
183,5963,2023-08-21,Resolved
184,4754,2024-05-09,Resolved
185,132,2024-08-13,Resolved
186,7690,2023-10-01,Pending
187,2743,2024-01-26,Resolved
188,2135,2024-07-08,Resolved
189,10,2024-05-29,Resolved
190,2396,2022-09-21,Resolved
191,4146,2022-05-04,Escalated
192,6916,2023-03-05,Resolved
193,5898,2024-04-24,Escalated
194,5903,2023-08-25,Escalated
195,2531,2023-01-25,Resolved
196,7169,2023-12-21,Resolved
197,4972,2021-04-20,Resolved
198,271,2024-10-09,Resolved
199,5700,2024-08-21,Resolved
200,7712,2021-09-08,Pending
201,8733,2021-11-05,Resolved
202,3739,2023-08-19,Pending
203,3328,2025-01-12,Resolved
204,9873,2023-12-05,Resolved
205,3597,2021-03-10,Pending
206,4343,2022-12-29,Escalated
207,5463,2023-11-29,Resolved
208,9310,2024-03-20,Resolved
209,9923,2024-10-09,Resolved
210,2221,2021-11-11,Resolved
211,927,2024-04-26,Resolved
212,9915,2023-07-26,Pending
213,4461,2022-11-16,Resolved
214,1913,2023-01-12,Resolved
215,3230,2022-12-08,Resolved
216,9202,2022-10-01,Pending
217,1618,2023-09-20,Resolved
218,4415,2021-08-09,Pending
219,4908,2022-10-07,Resolved
220,6955,2022-08-23,Pending
221,8412,2024-02-12,Resolved
222,7319,2021-10-09,Escalated
223,2328,2024-05-16,Resolved
224,120,2023-08-17,Resolved
225,9097,2023-01-01,Pending
226,516,2023-05-14,Resolved
227,6561,2025-02-24,Resolved
228,2956,2022-12-22,Pending
229,6604,2022-05-22,Resolved
230,6375,2021-12-05,Resolved
231,9173,2022-12-19,Resolved
232,999,2022-01-16,Pending
233,5205,2024-10-15,Resolved
234,3193,2022-01-13,Resolved
235,241,2024-10-26,Resolved
236,6899,2023-10-12,Resolved
237,6078,2021-11-28,Resolved
238,8368,2021-09-18,Resolved
239,1684,2021-10-29,Escalated
240,2370,2024-06-13,Resolved
241,3908,2024-08-04,Escalated
242,9780,2021-06-09,Resolved
243,5687,2021-07-12,Escalated
244,865,2023-11-04,Resolved
245,3767,2024-03-10,Resolved
246,5391,2021-10-07,Pending
247,4132,2022-01-20,Resolved
248,4031,2024-07-30,Resolved
249,8628,2022-12-17,Resolved
250,4282,2021-11-08,Pending
251,4868,2022-08-06,Resolved
252,5653,2023-10-11,Resolved
253,2278,2024-04-14,Escalated
254,6273,2021-11-02,Resolved
255,3003,2021-09-08,Pending
256,4882,2024-04-20,Resolved
257,9426,2023-07-13,Resolved
258,2674,2023-11-21,Pending
259,8553,2021-06-19,Pending
260,3874,2021-08-06,Resolved
261,6837,2023-07-15,Resolved
262,4939,2021-05-11,Resolved
263,38,2024-06-30,Resolved
264,9541,2021-12-20,Pending
265,914,2022-04-29,Resolved
266,6628,2024-03-12,Pending
267,1697,2021-08-16,Pending
268,2559,2022-01-02,Escalated
269,8413,2023-04-05,Resolved
270,579,2024-07-30,Resolved
271,6186,2024-06-08,Pending
272,9419,2024-05-26,Pending
273,2893,2023-09-10,Resolved
274,3117,2024-06-25,Pending
275,3127,2021-09-22,Resolved
276,2456,2022-06-22,Resolved
277,2829,2024-07-27,Resolved
278,7327,2024-06-15,Resolved
279,749,2024-02-25,Pending
280,3045,2023-10-02,Resolved
281,1894,2023-08-27,Resolved
282,7815,2024-01-24,Resolved
283,2430,2023-08-15,Pending
284,3935,2022-11-03,Pending
285,4815,2022-11-19,Pending
286,9683,2024-05-03,Pending
287,4831,2021-04-03,Resolved
288,6113,2022-10-18,Resolved
289,3223,2023-12-29,Resolved
290,8697,2025-02-19,Pending
291,4108,2024-02-22,Resolved
292,834,2023-02-22,Resolved
293,9626,2023-07-21,Resolved
294,6619,2021-10-27,Pending
295,1064,2024-01-16,Resolved
296,9601,2025-01-02,Escalated
297,9074,2024-01-09,Resolved
298,9228,2022-09-19,Resolved
299,4557,2022-10-23,Resolved
300,486,2023-06-01,Pending
301,3537,2022-11-02,Resolved
302,8260,2024-12-20,Pending
303,4321,2021-12-05,Resolved
304,9839,2024-07-06,Pending
305,6522,2022-05-28,Escalated
306,3615,2021-06-17,Resolved
307,1276,2021-06-23,Pending
308,560,2024-12-11,Resolved
309,5390,2022-08-04,Resolved
310,5689,2021-03-09,Resolved
311,9630,2021-11-03,Resolved
312,4829,2022-03-12,Pending
313,3583,2024-03-01,Pending
314,5302,2024-10-02,Resolved
315,7139,2022-01-29,Resolved
316,5490,2022-04-30,Resolved
317,8421,2023-01-06,Resolved
318,1861,2022-03-11,Resolved
319,3319,2025-01-10,Pending
320,8485,2025-02-12,Pending
321,2703,2023-01-12,Resolved
322,2478,2021-08-26,Pending
323,6257,2024-09-16,Resolved
324,6094,2022-10-23,Resolved
325,8572,2022-02-17,Resolved
326,1127,2023-06-14,Resolved
327,3816,2021-03-17,Pending
328,356,2022-07-17,Resolved
329,6530,2025-03-01,Pending
330,7980,2022-07-25,Resolved
331,3752,2022-05-09,Resolved
332,2247,2024-12-03,Pending
333,6272,2024-08-06,Resolved
334,5258,2024-08-17,Escalated
335,1138,2024-04-13,Pending
336,4196,2023-04-11,Resolved
337,6525,2021-04-21,Pending
338,1510,2023-09-20,Escalated
339,8743,2022-02-04,Resolved
340,3565,2023-05-24,Pending
341,9965,2024-01-31,Escalated
342,9139,2022-03-31,Resolved
343,4267,2022-11-02,Resolved
344,4592,2024-07-02,Pending
345,4473,2022-02-07,Escalated
346,1969,2021-10-05,Pending
347,8394,2021-12-06,Resolved
348,7554,2024-06-20,Resolved
349,9631,2021-08-22,Escalated
350,6830,2021-05-25,Resolved
351,1402,2024-04-27,Resolved
352,3629,2022-05-23,Resolved
353,7320,2023-03-31,Resolved
354,2973,2022-05-25,Resolved
355,5757,2021-05-26,Resolved
356,7728,2022-06-26,Resolved
357,9651,2021-08-31,Resolved
358,4470,2023-09-18,Escalated
359,6828,2021-09-23,Resolved
360,6126,2023-10-19,Pending
361,921,2023-12-04,Pending
362,3636,2022-01-15,Pending
363,2561,2021-06-19,Pending
364,1555,2022-10-23,Resolved
365,2158,2022-09-28,Resolved
366,5731,2022-08-25,Pending
367,7405,2022-11-10,Pending
368,4735,2022-04-07,Resolved
369,5739,2024-05-13,Resolved
370,8632,2024-06-23,Resolved
371,8088,2021-06-12,Resolved
372,3435,2022-04-22,Escalated
373,2073,2021-06-24,Resolved
374,4190,2021-10-02,Resolved
375,4209,2021-09-16,Pending
376,4962,2024-05-29,Resolved
377,5438,2022-04-18,Resolved
378,8833,2021-11-17,Resolved
379,1508,2024-12-02,Resolved
380,5301,2024-10-10,Resolved
381,2518,2021-04-10,Pending
382,768,2021-09-04,Escalated
383,5990,2022-06-21,Resolved
384,706,2021-05-17,Pending
385,4413,2024-09-26,Resolved
386,822,2021-09-30,Resolved
387,9275,2025-02-11,Resolved
388,4715,2021-03-13,Pending
389,149,2022-04-13,Resolved
390,5942,2021-09-13,Resolved
391,5261,2022-12-06,Escalated
392,7770,2024-09-18,Resolved
393,4545,2024-05-26,Resolved
394,9507,2022-07-04,Resolved
395,8930,2022-09-15,Pending
396,6988,2022-11-23,Escalated
397,1185,2022-03-14,Pending
398,7110,2021-04-17,Resolved
399,634,2024-03-11,Resolved
400,3282,2023-07-18,Resolved
401,8714,2021-07-16,Resolved
402,2023,2022-12-17,Resolved
403,8307,2023-11-13,Resolved
404,17,2023-08-12,Resolved
405,494,2024-01-02,Resolved
406,3912,2025-01-16,Resolved
407,8894,2022-03-19,Resolved
408,9853,2022-07-28,Resolved
409,7905,2021-10-26,Escalated
410,6544,2025-02-23,Pending
411,3684,2024-12-29,Resolved
412,4757,2022-01-01,Resolved
413,3425,2022-08-10,Resolved
414,4375,2021-05-13,Resolved
415,3794,2023-04-29,Resolved
416,5817,2024-02-04,Pending
417,2038,2021-03-18,Resolved
418,7129,2022-06-29,Resolved
419,8514,2021-11-01,Resolved
420,2120,2021-03-30,Resolved
421,454,2021-08-30,Resolved
422,6465,2022-07-04,Pending
423,3665,2022-04-30,Escalated
424,2777,2022-12-05,Resolved
425,9513,2024-02-18,Pending
426,1482,2023-04-09,Resolved
427,6897,2021-12-26,Resolved
428,5871,2021-08-21,Resolved
429,9354,2021-11-12,Resolved
430,6309,2023-05-16,Resolved
431,8255,2022-02-02,Resolved
432,3993,2022-07-18,Resolved
433,5163,2023-09-07,Resolved
434,3229,2022-03-25,Resolved
435,6355,2022-06-05,Pending
436,6484,2021-09-10,Resolved
437,2026,2021-06-10,Resolved
438,6554,2022-10-20,Escalated
439,1540,2024-05-19,Resolved
440,4964,2021-12-07,Escalated
441,9317,2022-09-02,Resolved
442,3962,2021-06-08,Resolved
443,9412,2024-07-22,Pending
444,3450,2023-09-26,Escalated
445,2443,2023-10-31,Resolved
446,5409,2024-03-07,Pending
447,7418,2023-03-18,Resolved
448,7702,2025-02-14,Pending
449,5717,2023-02-05,Resolved
450,9691,2022-11-27,Pending
451,7035,2021-12-17,Resolved
452,521,2023-08-01,Escalated
453,4484,2023-02-16,Resolved
454,6045,2022-04-25,Resolved
455,7065,2021-09-06,Escalated
456,5140,2022-09-15,Resolved
457,6515,2021-05-27,Resolved
458,7808,2023-10-30,Resolved
459,7419,2023-08-20,Resolved
460,1580,2023-10-21,Resolved
461,1431,2022-03-30,Resolved
462,6814,2021-05-05,Pending
463,95,2024-06-02,Resolved
464,4158,2021-12-31,Resolved
465,4022,2021-11-23,Pending
466,5206,2022-11-30,Resolved
467,8094,2024-01-30,Resolved
468,1561,2023-06-09,Pending
469,2045,2022-01-09,Resolved
470,1661,2024-11-14,Resolved
471,7876,2021-12-27,Pending
472,4685,2021-08-28,Resolved
473,9729,2024-08-08,Escalated
474,6849,2024-12-31,Resolved
475,4932,2023-05-15,Resolved
476,7897,2023-09-13,Resolved
477,9200,2022-11-21,Resolved
478,6495,2023-05-15,Pending
479,2009,2024-05-21,Pending
480,607,2021-03-16,Resolved
481,2955,2024-12-28,Pending
482,2718,2024-06-23,Escalated
483,2523,2023-10-07,Pending
484,1971,2022-08-17,Resolved
485,2192,2024-12-11,Resolved
486,2830,2021-11-14,Escalated
487,6395,2021-07-27,Pending
488,563,2024-01-04,Resolved
489,8943,2021-03-09,Resolved
490,6675,2024-01-17,Resolved
491,4794,2024-06-10,Pending
492,5129,2022-03-18,Resolved
493,4386,2024-02-28,Escalated
494,3226,2022-04-27,Pending
495,9195,2022-05-22,Resolved
496,3823,2021-10-11,Pending
497,616,2024-07-29,Resolved
498,782,2022-01-06,Pending
499,3920,2022-10-18,Resolved
500,3334,2024-04-21,Resolved
501,5513,2023-06-19,Resolved
502,8207,2021-10-07,Resolved
503,977,2024-05-14,Resolved
504,4350,2025-01-28,Pending
505,4518,2021-05-13,Resolved
506,2838,2021-10-31,Pending
507,8446,2021-07-22,Resolved
508,4427,2023-07-22,Resolved
509,5187,2021-09-10,Pending
510,7637,2022-10-01,Resolved
511,6686,2022-03-29,Resolved
512,360,2022-07-02,Pending
513,8746,2021-10-08,Resolved
514,5518,2024-05-07,Pending
515,3452,2021-06-30,Resolved
516,8791,2021-09-28,Pending
517,377,2023-11-22,Resolved
518,5070,2025-01-22,Resolved
519,8668,2021-10-19,Resolved
520,6160,2021-04-30,Pending
521,1348,2024-03-31,Pending
522,2236,2022-05-13,Resolved
523,1277,2022-09-23,Escalated
524,8673,2023-04-27,Escalated
525,6772,2022-04-22,Resolved
526,6743,2022-09-03,Resolved
527,1823,2022-11-28,Resolved
528,6697,2022-02-07,Escalated
529,6369,2022-09-15,Pending
530,796,2024-06-24,Escalated
531,3806,2023-10-08,Resolved
532,6459,2023-04-22,Escalated
533,1588,2021-10-24,Pending
534,2407,2021-09-24,Resolved
535,1963,2024-07-20,Resolved
536,3931,2022-03-07,Pending
537,7570,2023-05-28,Resolved
538,5437,2021-07-12,Pending
539,5374,2021-12-31,Pending
540,4656,2022-10-20,Resolved
541,1108,2025-02-07,Resolved
542,3822,2022-04-26,Pending
543,7597,2023-10-04,Escalated
544,8110,2022-10-06,Resolved
545,9404,2021-05-08,Pending
546,8966,2022-10-21,Resolved
547,145,2022-07-13,Resolved
548,1839,2023-10-18,Pending
549,9538,2021-12-08,Resolved
550,9680,2023-10-13,Resolved
551,2217,2024-08-07,Resolved
552,1355,2021-06-03,Resolved
553,5024,2021-07-30,Pending
554,8269,2023-05-16,Escalated
555,8076,2022-10-19,Resolved
556,4284,2022-07-19,Resolved
557,4472,2022-01-11,Escalated
558,1821,2022-08-24,Resolved
559,9314,2021-05-17,Pending
560,8463,2022-11-19,Escalated
561,264,2024-12-27,Escalated
562,9062,2023-06-18,Resolved
563,9177,2022-08-14,Resolved
564,9755,2022-08-02,Pending
565,4314,2023-11-23,Resolved
566,3442,2023-03-21,Pending
567,3613,2024-08-04,Resolved
568,8385,2024-05-23,Resolved
569,6839,2023-11-08,Resolved
570,3346,2021-08-11,Resolved
571,7414,2022-01-28,Resolved
572,7995,2021-05-14,Resolved
573,6700,2024-11-10,Pending
574,8661,2024-04-07,Pending
575,7356,2023-01-16,Resolved
576,4038,2021-06-13,Pending
577,5854,2023-03-02,Resolved
578,7060,2021-03-25,Resolved
579,5403,2023-06-30,Resolved
580,1708,2021-06-30,Resolved
581,2327,2021-04-17,Resolved
582,2532,2023-02-04,Resolved
583,1718,2022-01-12,Resolved
584,6377,2024-02-07,Pending
585,2740,2021-05-09,Resolved
586,4441,2024-06-27,Resolved
587,9231,2021-09-11,Escalated
588,4435,2021-05-16,Escalated
589,5137,2021-08-21,Resolved
590,3700,2023-10-10,Pending
591,3574,2021-09-27,Resolved
592,6136,2024-07-01,Resolved
593,8191,2021-09-21,Pending
594,5404,2023-05-03,Resolved
595,7130,2024-08-27,Pending
596,3480,2024-12-29,Pending
597,6115,2024-06-17,Resolved
598,4840,2024-02-08,Resolved
599,7898,2022-04-23,Resolved
600,6233,2021-05-05,Resolved
601,6994,2022-03-14,Resolved
602,8902,2023-09-03,Resolved
603,5562,2022-10-13,Resolved
604,5539,2025-01-22,Resolved
605,2243,2022-09-13,Pending
606,8744,2023-09-02,Resolved
607,9598,2023-10-26,Pending
608,5933,2023-05-02,Resolved
609,906,2021-07-23,Pending
610,5288,2024-07-19,Resolved
611,8006,2024-02-07,Resolved
612,2214,2022-12-12,Resolved
613,4543,2022-09-19,Resolved
614,6835,2024-09-21,Resolved
615,402,2024-10-23,Pending
616,1200,2023-12-09,Resolved
617,7534,2022-06-17,Pending
618,3860,2022-06-27,Resolved
619,9161,2023-11-10,Escalated
620,1372,2023-12-02,Pending
621,3637,2023-10-12,Resolved
622,4178,2021-05-14,Resolved
623,8086,2022-07-15,Pending
624,9464,2024-10-31,Pending
625,2570,2021-11-16,Resolved
626,9472,2021-08-06,Resolved
627,2436,2023-12-18,Resolved
628,214,2022-09-14,Resolved
629,8324,2022-07-08,Resolved
630,5335,2023-07-30,Pending
631,8349,2022-04-03,Escalated
632,3737,2022-08-07,Escalated
633,9727,2021-12-03,Escalated
634,3064,2022-10-21,Pending
635,7870,2021-07-13,Resolved
636,3415,2024-11-17,Resolved
637,9466,2022-08-25,Pending
638,7958,2025-01-24,Resolved
639,6637,2023-03-26,Pending
640,7996,2022-08-03,Resolved
641,6268,2022-09-10,Pending
642,6546,2022-09-21,Resolved
643,8116,2024-10-10,Pending
644,115,2022-02-13,Escalated
645,3644,2022-11-17,Escalated
646,7211,2023-07-16,Resolved
647,2520,2021-08-21,Resolved
648,6948,2024-03-16,Pending
649,7604,2024-10-18,Pending
650,8118,2025-01-16,Resolved
651,6512,2023-05-03,Escalated
652,9878,2022-04-04,Resolved
653,4963,2022-11-10,Resolved
654,2381,2024-05-19,Pending
655,8696,2024-01-01,Resolved
656,291,2023-12-16,Resolved
657,4736,2024-11-10,Resolved
658,580,2021-10-24,Resolved
659,4221,2024-10-28,Escalated
660,8726,2023-01-17,Resolved
661,3349,2024-12-20,Resolved
662,9151,2024-09-29,Resolved
663,6213,2024-05-13,Escalated
664,4181,2021-11-23,Resolved
665,4203,2021-05-06,Resolved
666,2923,2022-07-11,Resolved
667,1090,2022-06-07,Resolved
668,8769,2021-06-23,Resolved
669,5889,2022-07-02,Pending
670,5019,2024-03-27,Resolved
671,6652,2025-01-10,Resolved
672,700,2023-04-05,Resolved
673,4459,2022-05-31,Pending
674,3031,2022-12-08,Resolved
675,4453,2023-06-05,Resolved
676,3382,2022-09-26,Resolved
677,897,2024-05-24,Resolved
678,7210,2022-08-29,Resolved
679,2510,2023-11-22,Pending
680,3552,2025-01-12,Pending
681,8512,2025-01-20,Resolved
682,1359,2024-04-17,Escalated
683,5284,2023-05-14,Resolved
684,7342,2023-12-10,Resolved
685,1333,2024-02-27,Resolved
686,7381,2024-08-09,Resolved
687,6478,2021-03-14,Resolved
688,8815,2023-12-30,Resolved
689,8754,2021-10-26,Resolved
690,3547,2021-06-26,Resolved
691,1534,2021-12-07,Resolved
692,2634,2024-12-07,Pending
693,2870,2021-06-16,Resolved
694,6935,2022-11-13,Resolved
695,6795,2021-09-22,Pending
696,328,2023-04-05,Pending
697,6004,2021-05-09,Resolved
698,6947,2022-01-14,Resolved
699,6137,2021-11-24,Escalated
700,66,2023-07-20,Pending
701,9575,2022-05-07,Escalated
702,9530,2024-01-03,Pending
703,7240,2021-11-29,Resolved
704,9542,2022-11-30,Resolved
705,6345,2024-12-31,Resolved
706,5770,2021-09-21,Resolved
707,1,2021-11-22,Pending
708,5483,2023-11-24,Resolved
709,2004,2023-07-29,Resolved
710,967,2024-11-27,Pending
711,1425,2024-03-08,Resolved
712,9133,2024-02-23,Resolved
713,8012,2021-09-09,Pending
714,4141,2022-10-23,Escalated
715,8859,2024-12-31,Resolved
716,3602,2022-04-10,Pending
717,9290,2021-10-25,Resolved
718,1664,2023-10-16,Resolved
719,4138,2023-05-04,Pending
720,3881,2023-02-27,Pending
721,1375,2021-10-14,Resolved
722,3405,2024-10-03,Pending
723,7776,2022-03-10,Resolved
724,9964,2021-08-29,Resolved
725,100,2024-06-15,Pending
726,7528,2022-10-12,Pending
727,1313,2022-12-03,Resolved
728,321,2021-08-09,Resolved
729,7504,2024-12-31,Resolved
730,2673,2024-07-30,Resolved
731,5626,2021-04-26,Resolved
732,6607,2022-09-05,Escalated
733,9421,2024-10-21,Resolved
734,489,2024-10-11,Resolved
735,7872,2022-01-31,Pending
736,5520,2024-05-30,Resolved
737,4230,2022-07-08,Escalated
738,4814,2022-04-02,Escalated
739,3296,2022-04-14,Pending
740,4628,2021-09-05,Resolved
741,2279,2021-12-04,Resolved
742,60,2021-11-22,Resolved
743,5814,2024-03-03,Resolved
744,4363,2023-05-19,Escalated
745,7357,2022-12-23,Resolved
746,2790,2022-10-07,Resolved
747,5548,2023-11-15,Resolved
748,3542,2021-03-29,Resolved
749,1598,2023-02-19,Resolved
750,9614,2021-05-29,Pending
751,3777,2023-07-06,Pending
752,3399,2022-12-01,Resolved
753,9359,2024-12-26,Resolved
754,891,2021-08-10,Pending
755,9556,2023-01-13,Escalated
756,1293,2024-05-17,Resolved
757,2154,2021-09-10,Pending
758,327,2025-02-03,Pending
759,7572,2023-10-07,Resolved
760,2702,2022-07-23,Pending
761,4402,2022-12-07,Pending
762,5197,2022-07-25,Escalated
763,5485,2024-07-03,Resolved
764,4042,2024-05-15,Resolved
765,9744,2023-04-06,Resolved
766,2854,2021-11-08,Pending
767,1165,2024-06-29,Pending
768,9358,2023-04-24,Pending
769,2708,2023-01-16,Resolved
770,2160,2024-02-05,Resolved
771,472,2022-09-17,Resolved
772,2630,2023-06-24,Resolved
773,2932,2021-07-28,Pending
774,185,2024-05-17,Resolved
775,9822,2022-10-27,Resolved
776,7654,2021-10-25,Pending
777,4713,2024-01-19,Resolved
778,3158,2021-09-29,Pending
779,5026,2024-04-14,Pending
780,6746,2024-09-26,Resolved
781,442,2024-11-27,Resolved
782,183,2023-03-31,Resolved
783,4889,2021-05-19,Resolved
784,7513,2024-12-18,Pending
785,5568,2022-08-08,Resolved
786,5046,2021-11-19,Pending
787,8231,2023-05-01,Escalated
788,3303,2024-06-02,Resolved
789,4599,2024-12-09,Resolved
790,1401,2021-05-08,Resolved
791,953,2025-01-23,Escalated
792,3808,2022-12-14,Resolved
793,5884,2023-12-17,Pending
794,6321,2023-08-14,Escalated
795,3247,2023-06-29,Resolved
796,6486,2023-07-23,Resolved
797,4505,2023-12-27,Resolved
798,9029,2024-06-15,Escalated
799,2508,2023-05-18,Resolved
800,1988,2021-06-26,Resolved
801,4369,2024-05-31,Resolved
802,4790,2022-02-07,Escalated
803,1058,2021-06-06,Resolved
804,9489,2021-04-08,Escalated
805,7945,2024-11-15,Escalated
806,6072,2023-12-30,Resolved
807,3675,2024-04-23,Escalated
808,9945,2023-08-08,Resolved
809,9991,2024-05-26,Resolved
810,9636,2023-11-21,Pending
811,1797,2023-11-30,Resolved
812,8454,2023-08-15,Escalated
813,3691,2022-03-22,Pending
814,7113,2021-07-30,Pending
815,3327,2024-10-15,Escalated
816,4220,2025-01-06,Resolved
817,2132,2023-06-23,Resolved
818,4021,2025-01-03,Resolved
819,3996,2021-10-06,Resolved
820,6731,2023-06-07,Resolved
821,8366,2022-01-21,Resolved
822,6427,2021-08-07,Pending
823,2216,2023-11-13,Resolved
824,405,2023-04-11,Pending
825,9088,2023-01-02,Pending
826,3826,2021-07-30,Resolved
827,1649,2023-11-24,Resolved
828,7714,2022-03-14,Pending
829,1779,2022-03-11,Resolved
830,4476,2022-10-30,Resolved
831,3265,2025-02-28,Resolved
832,1543,2021-10-19,Resolved
833,797,2021-12-17,Resolved
834,3166,2022-06-13,Pending
835,3648,2023-03-05,Resolved
836,4567,2022-12-02,Escalated
837,9672,2024-10-28,Resolved
838,9186,2022-07-05,Resolved
839,3577,2021-06-29,Escalated
840,3721,2022-02-27,Resolved
841,3810,2024-01-25,Pending
842,8680,2022-07-11,Pending
843,5510,2023-12-08,Resolved
844,1452,2024-09-26,Resolved
845,8753,2021-03-12,Resolved
846,1039,2024-03-10,Resolved
847,5271,2021-03-22,Resolved
848,1579,2024-06-07,Resolved
849,8877,2021-12-12,Resolved
850,3449,2022-11-10,Resolved
851,3175,2023-04-26,Pending
852,2638,2021-10-27,Resolved
853,5382,2024-05-24,Pending
854,556,2022-01-30,Escalated
855,2745,2025-02-01,Resolved
856,7351,2024-09-05,Resolved
857,8190,2024-10-05,Escalated
858,7523,2023-11-24,Pending
859,1755,2021-11-03,Pending
860,6808,2022-09-07,Pending
861,8707,2021-10-14,Pending
862,2968,2022-09-09,Escalated
863,5082,2024-06-28,Resolved
864,2659,2023-10-17,Resolved
865,8511,2021-07-29,Pending
866,8493,2021-04-05,Pending
867,9565,2023-10-05,Resolved
868,2037,2024-05-16,Pending
869,1925,2022-03-28,Pending
870,6701,2023-03-17,Resolved
871,98,2022-01-26,Resolved
872,5292,2022-03-02,Resolved
873,6300,2025-02-01,Resolved
874,6065,2021-05-20,Resolved
875,1751,2022-06-26,Resolved
876,3459,2023-03-08,Resolved
877,7153,2021-05-15,Resolved
878,4544,2023-06-10,Pending
879,3355,2022-05-28,Resolved
880,9119,2024-12-21,Resolved
881,7258,2022-05-16,Resolved
882,875,2022-03-22,Pending
883,4054,2021-06-03,Resolved
884,9152,2024-11-02,Pending
885,5086,2023-03-15,Escalated
886,6207,2024-05-25,Pending
887,5077,2022-01-26,Escalated
888,9262,2021-07-01,Resolved
889,3568,2021-06-07,Resolved
890,4725,2021-11-14,Resolved
891,5946,2022-04-10,Pending
892,359,2022-10-24,Escalated
893,4677,2025-01-08,Resolved
894,1868,2024-11-25,Resolved
895,4160,2024-03-13,Pending
896,7859,2024-01-01,Resolved
897,5192,2023-11-15,Resolved
898,9881,2022-09-09,Escalated
899,5845,2023-03-20,Resolved
900,2489,2022-05-28,Resolved
901,57,2023-10-30,Resolved
902,5882,2021-05-23,Pending
903,7469,2024-04-07,Resolved
904,8254,2024-08-15,Resolved
905,6016,2024-10-22,Resolved
906,1423,2022-12-12,Resolved
907,2614,2024-04-18,Resolved
908,6070,2023-09-16,Pending
909,8089,2024-10-14,Resolved
910,3280,2021-12-05,Pending
911,8305,2022-11-13,Resolved
912,6440,2024-12-18,Escalated
913,6887,2024-02-05,Pending
914,5905,2021-12-22,Resolved
915,5015,2021-10-31,Resolved
916,9380,2024-12-01,Resolved
917,9232,2022-02-26,Resolved
918,1613,2021-04-01,Escalated
919,9207,2023-09-13,Resolved
920,4279,2022-07-15,Resolved
921,180,2024-04-14,Resolved
922,6384,2021-08-19,Escalated
923,6562,2021-07-13,Resolved
924,1455,2023-04-05,Resolved
925,2149,2023-07-17,Escalated
926,609,2023-05-04,Pending
927,3774,2021-03-30,Escalated
928,584,2024-06-23,Resolved
929,196,2021-06-28,Pending
930,8965,2024-04-03,Pending
931,2488,2023-02-10,Resolved
932,8205,2023-03-15,Resolved
933,7722,2021-11-24,Resolved
934,1954,2024-01-29,Resolved
935,4002,2023-07-24,Resolved
936,4325,2022-12-24,Resolved
937,6178,2022-11-21,Pending
938,4851,2021-07-16,Pending
939,9930,2022-11-18,Pending
940,1567,2022-02-17,Resolved
941,9180,2023-11-06,Resolved
942,7686,2023-07-15,Resolved
943,1645,2022-12-10,Resolved
944,5376,2022-07-05,Escalated
945,9752,2024-11-05,Resolved
946,5631,2024-04-08,Pending
947,968,2022-04-01,Resolved
948,7343,2024-07-13,Resolved
949,1583,2022-11-17,Resolved
950,9757,2023-09-26,Pending
951,2206,2024-10-27,Resolved
952,4980,2022-04-26,Resolved
953,10000,2021-12-20,Resolved
954,1166,2021-10-16,Pending
955,7358,2022-07-02,Resolved
956,1982,2021-09-12,Resolved
957,8010,2022-11-05,Pending
958,9213,2022-09-20,Resolved
959,118,2023-03-13,Pending
960,799,2021-05-04,Resolved
961,8562,2021-12-08,Resolved
962,4720,2023-09-04,Resolved
963,4445,2023-01-31,Resolved
964,6738,2025-02-27,Resolved
965,1934,2023-01-07,Resolved
966,2515,2024-04-16,Pending
967,3578,2021-05-18,Pending
968,2864,2022-12-08,Pending
969,4023,2022-03-26,Pending
970,1125,2024-12-02,Resolved
971,7051,2023-08-24,Resolved
972,7915,2024-11-23,Escalated
973,8036,2023-06-21,Pending
974,1378,2024-09-09,Resolved
975,5249,2022-04-17,Pending
976,7255,2021-11-15,Resolved
977,5891,2023-11-20,Resolved
978,4405,2023-04-15,Pending
979,5639,2024-01-12,Escalated
980,6702,2021-10-25,Escalated
981,3034,2024-12-16,Resolved
982,5044,2021-04-07,Pending
983,288,2023-08-25,Resolved
984,1581,2022-01-13,Escalated
985,1335,2021-06-06,Escalated
986,9190,2024-06-09,Pending
987,5458,2021-09-29,Resolved
988,376,2022-08-17,Escalated
989,9785,2022-08-15,Resolved
990,2938,2023-10-30,Resolved
991,8509,2021-06-07,Resolved
992,7223,2024-11-08,Pending
993,503,2023-10-20,Resolved
994,9830,2021-09-02,Pending
995,9603,2024-08-03,Escalated
996,9395,2021-07-20,Resolved
997,4438,2024-04-04,Resolved
998,6061,2024-11-04,Pending
999,4052,2021-09-16,Resolved
1000,6957,2021-12-09,Resolved
1001,6694,2025-01-25,Pending
1002,9858,2023-04-16,Resolved
1003,9971,2025-02-04,Resolved
1004,9026,2022-05-21,Resolved
1005,8537,2022-01-11,Resolved
1006,9374,2021-05-06,Resolved
1007,3218,2025-01-21,Resolved
1008,8027,2024-04-14,Resolved
1009,986,2023-05-09,Resolved
1010,8028,2023-07-22,Resolved
1011,596,2022-12-27,Resolved
1012,8905,2024-10-20,Pending
1013,4344,2023-10-10,Resolved
1014,9747,2024-11-22,Escalated
1015,3555,2024-12-21,Escalated
1016,6393,2023-07-08,Resolved
1017,8612,2024-06-19,Resolved
1018,2721,2022-04-02,Resolved
1019,4457,2022-01-24,Resolved
1020,5115,2024-06-06,Pending
1021,5353,2022-08-29,Escalated
1022,5904,2022-10-30,Resolved
1023,1632,2023-07-21,Pending
1024,5269,2021-08-15,Escalated
1025,3348,2021-12-24,Resolved
1026,2490,2021-04-06,Pending
1027,5940,2024-04-10,Resolved
1028,5760,2024-11-06,Resolved
1029,2161,2021-07-05,Pending
1030,4281,2021-11-28,Resolved
1031,9862,2022-03-07,Resolved
1032,5126,2024-11-08,Resolved
1033,2218,2021-04-30,Resolved
1034,8481,2024-03-21,Resolved
1035,5259,2022-07-20,Resolved
1036,759,2024-12-22,Resolved
1037,4347,2023-06-18,Resolved
1038,4069,2024-05-10,Escalated
1039,6351,2024-10-23,Pending
1040,8770,2022-11-23,Escalated
1041,5981,2024-04-06,Pending
1042,9153,2021-03-23,Pending
1043,6576,2022-05-16,Pending
1044,6645,2022-03-06,Resolved
1045,8186,2022-07-20,Resolved
1046,5105,2021-11-30,Pending
1047,971,2023-04-04,Resolved
1048,8873,2024-09-12,Resolved
1049,471,2023-06-16,Pending
1050,506,2023-09-21,Escalated
1051,3428,2021-11-23,Pending
1052,7046,2023-12-16,Pending
1053,4308,2021-08-08,Resolved
1054,9936,2022-02-22,Resolved
1055,3255,2024-07-15,Pending
1056,5799,2022-11-18,Pending
1057,5670,2022-03-02,Resolved
1058,220,2024-04-04,Pending
1059,2169,2023-07-02,Resolved
1060,1061,2023-06-01,Escalated
1061,2704,2024-04-28,Pending
1062,6453,2022-06-26,Resolved
1063,2888,2022-12-09,Resolved
1064,943,2021-11-13,Escalated
1065,1464,2023-12-13,Resolved
1066,6063,2023-02-18,Resolved
1067,8019,2024-04-30,Escalated
1068,1265,2022-01-09,Resolved
1069,9302,2021-04-11,Resolved
1070,7753,2025-01-27,Pending
1071,4425,2023-07-21,Pending
1072,6436,2023-09-24,Pending
1073,8346,2023-10-30,Pending
1074,255,2023-05-19,Escalated
1075,251,2024-11-05,Resolved
1076,5512,2022-09-06,Escalated
1077,4698,2023-04-27,Resolved
1078,3936,2022-04-10,Pending
1079,9871,2021-10-06,Resolved
1080,7464,2025-01-01,Pending
1081,4333,2022-11-20,Pending
1082,1946,2021-11-17,Resolved
1083,852,2023-12-25,Resolved
1084,45,2021-11-25,Resolved
1085,7151,2023-07-09,Resolved
1086,2108,2024-04-25,Pending
1087,6150,2023-02-07,Pending
1088,1411,2022-11-08,Resolved
1089,6452,2023-10-29,Pending
1090,7866,2024-05-18,Resolved
1091,6865,2021-07-01,Resolved
1092,2333,2022-10-21,Resolved
1093,6580,2023-08-21,Resolved
1094,4904,2022-04-11,Resolved
1095,5685,2022-12-29,Resolved
1096,2282,2021-09-05,Pending
1097,8298,2024-03-23,Resolved
1098,4898,2024-05-12,Pending
1099,2563,2022-01-07,Resolved
1100,6639,2023-09-03,Resolved
1101,7837,2024-12-20,Pending
1102,8734,2022-01-20,Pending
1103,3284,2025-02-01,Pending
1104,4106,2024-09-15,Pending
1105,2286,2023-01-19,Resolved
1106,8977,2023-08-03,Resolved
1107,3406,2021-12-23,Escalated
1108,2962,2021-11-11,Resolved
1109,6718,2021-11-06,Pending
1110,3772,2024-10-08,Pending
1111,3643,2023-02-03,Resolved
1112,3298,2021-06-12,Resolved
1113,8172,2022-06-04,Resolved
1114,3094,2022-11-23,Pending
1115,4968,2022-02-12,Escalated
1116,6972,2024-04-15,Resolved
1117,6399,2021-10-24,Resolved
1118,2224,2022-01-27,Resolved
1119,933,2022-04-06,Resolved
1120,8338,2022-09-06,Resolved
1121,8776,2024-11-09,Resolved
1122,6588,2021-10-17,Resolved
1123,6668,2023-08-16,Resolved
1124,4275,2024-10-08,Resolved
1125,5143,2024-09-08,Resolved
1126,8888,2021-11-09,Escalated
1127,140,2025-02-08,Resolved
1128,7068,2022-11-06,Pending
1129,694,2023-01-01,Pending
1130,6950,2024-12-26,Resolved
1131,2039,2022-04-16,Escalated
1132,478,2022-08-30,Pending
1133,4283,2023-06-26,Resolved
1134,3919,2024-08-07,Resolved
1135,4746,2022-07-13,Resolved
1136,2231,2024-09-10,Escalated
1137,3295,2023-05-07,Resolved
1138,8304,2023-06-23,Resolved
1139,9406,2024-04-10,Resolved
1140,2882,2021-08-06,Resolved
1141,4373,2021-12-10,Pending
1142,9282,2021-12-23,Pending
1143,5411,2022-10-28,Resolved
1144,780,2022-07-09,Resolved
1145,7278,2021-07-21,Pending
1146,1114,2021-12-01,Pending
1147,4731,2023-12-08,Resolved
1148,6168,2023-05-15,Pending
1149,1570,2023-04-24,Pending
1150,9140,2021-03-04,Pending
1151,1086,2024-10-11,Resolved
1152,9116,2022-06-06,Resolved
1153,3358,2025-02-01,Pending
1154,8701,2024-05-03,Pending
1155,5651,2021-04-22,Escalated
1156,5489,2024-02-28,Resolved
1157,8934,2021-06-10,Pending
1158,8578,2023-12-19,Pending
1159,2776,2022-07-28,Resolved
1160,7388,2022-03-24,Resolved
1161,3787,2023-01-30,Escalated
1162,8831,2021-12-22,Resolved
1163,342,2022-03-25,Resolved
1164,4012,2024-02-28,Pending
1165,5907,2023-04-17,Resolved
1166,1004,2024-07-08,Pending
1167,9786,2024-12-09,Resolved
1168,5563,2024-10-11,Resolved
1169,511,2022-12-22,Resolved
1170,920,2021-08-08,Pending
1171,1811,2024-08-09,Pending
1172,1550,2021-05-23,Pending
1173,7941,2023-09-23,Resolved
1174,3503,2021-08-04,Resolved
1175,5681,2023-03-13,Resolved
1176,6183,2023-02-21,Resolved
1177,3188,2024-06-24,Escalated
1178,5730,2022-08-08,Resolved
1179,2201,2022-04-23,Pending
1180,3618,2021-04-28,Resolved
1181,934,2023-05-16,Escalated
1182,8715,2022-03-29,Resolved
1183,3122,2023-05-06,Pending
1184,654,2021-08-16,Pending
1185,4783,2021-12-16,Pending
1186,8950,2021-11-27,Resolved
1187,1780,2024-06-20,Pending
1188,6236,2023-07-29,Pending
1189,637,2024-09-15,Pending
1190,1700,2024-08-09,Escalated
1191,7033,2022-11-16,Resolved
1192,5691,2024-02-09,Resolved
1193,7746,2025-03-03,Pending
1194,2784,2022-07-18,Resolved
1195,3274,2023-12-16,Pending
1196,6968,2024-04-28,Resolved
1197,4742,2021-07-03,Resolved
1198,8064,2022-04-05,Pending
1199,6295,2024-02-14,Resolved
1200,6173,2023-06-06,Pending
1201,1712,2021-03-16,Resolved
1202,9903,2023-10-31,Pending
1203,4003,2022-02-05,Resolved
1204,344,2022-11-06,Pending
1205,777,2022-01-24,Escalated
1206,5048,2023-07-19,Resolved
1207,7629,2023-07-22,Resolved
1208,9517,2023-08-19,Resolved
1209,7062,2024-05-12,Escalated
1210,9863,2023-08-01,Resolved
1211,6222,2021-12-06,Resolved
1212,461,2024-01-12,Resolved
1213,8498,2024-11-02,Resolved
1214,5570,2024-05-19,Resolved
1215,7919,2023-07-06,Resolved
1216,1247,2023-08-24,Resolved
1217,2126,2024-08-20,Resolved
1218,9866,2021-06-02,Pending
1219,2228,2024-03-30,Pending
1220,5872,2023-05-01,Resolved
1221,5529,2023-01-15,Pending
1222,8558,2024-09-26,Resolved
1223,1931,2024-08-06,Resolved
1224,6669,2024-10-13,Resolved
1225,1983,2022-05-21,Resolved
1226,2983,2021-09-28,Resolved
1227,5945,2022-07-12,Escalated
1228,1653,2024-11-28,Pending
1229,1389,2024-02-05,Resolved
1230,2789,2024-11-01,Pending
1231,8643,2024-07-21,Pending
1232,5767,2024-06-07,Resolved
1233,5318,2021-10-29,Resolved
1234,7821,2024-05-04,Pending
1235,1102,2025-01-01,Resolved
1236,8817,2024-01-15,Escalated
1237,6855,2023-05-06,Resolved
1238,5321,2023-02-08,Pending
1239,7187,2023-04-30,Pending
1240,6929,2024-11-26,Resolved
1241,6596,2024-04-10,Resolved
1242,603,2023-05-26,Resolved
1243,6574,2023-08-01,Pending
1244,2945,2024-09-29,Resolved
1245,9313,2023-07-06,Resolved
1246,6737,2022-11-24,Resolved
1247,2137,2021-11-17,Resolved
1248,1611,2022-09-19,Resolved
1249,8486,2023-09-29,Pending
1250,9519,2022-11-03,Resolved
1251,3508,2021-04-11,Resolved
1252,3955,2024-07-09,Resolved
1253,3692,2023-09-02,Resolved
1254,9500,2024-09-25,Resolved
1255,3061,2022-08-20,Resolved
1256,2646,2022-02-09,Resolved
1257,6649,2021-08-23,Pending
1258,8386,2022-02-08,Resolved
1259,7695,2024-12-11,Pending
1260,7486,2021-06-14,Pending
1261,2987,2021-04-08,Resolved
1262,3345,2022-08-25,Resolved
1263,4524,2022-12-15,Resolved
1264,4167,2024-03-08,Escalated
1265,7739,2025-01-14,Resolved
1266,8573,2022-08-16,Pending
1267,6279,2021-06-23,Resolved
1268,7718,2024-08-30,Pending
1269,8029,2024-04-19,Resolved
1270,5075,2022-05-12,Pending
1271,7448,2025-02-19,Resolved
1272,4072,2025-01-21,Resolved
1273,5295,2022-11-15,Resolved
1274,3079,2021-05-17,Resolved
1275,8419,2024-08-04,Pending
1276,855,2021-04-28,Resolved
1277,2965,2023-09-21,Resolved
1278,232,2021-09-30,Resolved
1279,3743,2023-04-26,Resolved
1280,29,2024-04-11,Escalated
1281,4817,2022-07-13,Resolved
1282,4264,2024-09-15,Resolved
1283,6575,2023-07-08,Resolved
1284,9305,2021-12-04,Resolved
1285,9352,2021-11-11,Escalated
1286,1596,2024-07-04,Resolved
1287,9392,2021-06-11,Pending
1288,3726,2021-09-24,Pending
1289,1014,2021-09-14,Resolved
1290,9809,2023-07-30,Pending
1291,6422,2022-10-29,Pending
1292,2378,2022-12-06,Resolved
1293,2899,2023-06-20,Resolved
1294,9777,2024-10-20,Resolved
1295,5701,2023-10-24,Pending
1296,1825,2022-01-02,Resolved
1297,605,2021-03-05,Escalated
1298,4188,2021-09-02,Pending
1299,5828,2022-08-21,Resolved
1300,3409,2021-09-27,Pending
1301,9363,2022-12-07,Pending
1302,93,2025-02-13,Resolved
1303,389,2022-03-09,Resolved
1304,8692,2025-02-01,Escalated
1305,5159,2021-07-31,Pending
1306,6261,2022-12-21,Escalated
1307,7124,2025-01-01,Resolved
1308,1472,2024-06-30,Pending
1309,8146,2023-04-11,Pending
1310,2021,2022-10-21,Resolved
1311,6298,2023-10-01,Pending
1312,9599,2021-11-30,Resolved
1313,4255,2024-12-19,Resolved
1314,9042,2021-10-06,Resolved
1315,1949,2023-08-28,Resolved
1316,9329,2024-06-25,Pending
1317,2671,2022-09-14,Escalated
1318,5494,2025-01-05,Resolved
1319,6500,2024-06-29,Pending
1320,635,2024-09-22,Resolved
1321,4775,2021-09-16,Resolved
1322,4782,2024-08-28,Escalated
1323,4225,2022-09-07,Escalated
1324,6182,2024-12-06,Resolved
1325,4872,2022-02-22,Pending
1326,6920,2021-08-11,Resolved
1327,3479,2023-04-04,Resolved
1328,7163,2021-05-11,Resolved
1329,8672,2024-02-23,Resolved
1330,6960,2022-10-21,Pending
1331,5643,2021-11-10,Pending
1332,1549,2024-09-22,Pending
1333,1497,2024-04-02,Pending
1334,9712,2023-10-25,Resolved
1335,7003,2021-09-23,Resolved
1336,9917,2022-09-09,Resolved
1337,8730,2022-02-08,Resolved
1338,8792,2022-07-31,Pending
1339,1566,2022-10-10,Resolved
1340,5227,2022-01-10,Resolved
1341,3314,2021-08-10,Resolved
1342,5608,2024-08-16,Pending
1343,3671,2022-07-06,Resolved
1344,1553,2021-11-10,Escalated
1345,7360,2023-12-09,Resolved
1346,1739,2022-07-01,Resolved
1347,3301,2024-11-11,Resolved
1348,619,2023-09-26,Resolved
1349,5784,2023-07-15,Pending
1350,4128,2023-05-27,Escalated
1351,4501,2023-01-25,Pending
1352,8994,2024-04-26,Pending
1353,7921,2024-05-29,Pending
1354,3025,2024-08-22,Resolved
1355,2621,2023-08-05,Pending
1356,8106,2023-11-23,Resolved
1357,8134,2024-12-05,Resolved
1358,7284,2024-09-21,Resolved
1359,4857,2023-02-24,Resolved
1360,6339,2023-03-14,Pending
1361,8786,2023-12-24,Resolved
1362,7104,2022-08-16,Resolved
1363,8999,2022-11-13,Resolved
1364,7085,2024-10-23,Resolved
1365,2732,2021-12-11,Resolved
1366,2234,2024-03-15,Escalated
1367,3183,2021-10-01,Resolved
1368,3608,2024-10-28,Resolved
1369,1318,2021-06-15,Resolved
1370,545,2023-05-25,Resolved
1371,3352,2022-07-17,Resolved
1372,8882,2021-04-28,Resolved
1373,8849,2022-08-11,Resolved
1374,102,2024-08-19,Resolved
1375,8557,2023-09-01,Resolved
1376,3685,2023-06-11,Resolved
1377,9175,2022-09-27,Resolved
1378,4595,2022-07-27,Resolved
1379,5699,2024-02-04,Pending
1380,5038,2021-08-08,Escalated
1381,9411,2023-12-24,Resolved
1382,1191,2022-03-25,Resolved
1383,350,2022-12-05,Pending
1384,5065,2021-06-26,Escalated
1385,9743,2024-01-02,Resolved
1386,8890,2022-11-09,Resolved
1387,2597,2022-07-12,Resolved
1388,6507,2022-10-20,Resolved
1389,2805,2022-06-24,Resolved
1390,9920,2023-10-15,Resolved
1391,1915,2025-02-10,Resolved
1392,4608,2021-06-14,Resolved
1393,8657,2022-12-19,Pending
1394,3410,2024-01-30,Pending
1395,1975,2024-11-18,Resolved
1396,4048,2021-10-09,Pending
1397,7505,2023-11-21,Resolved
1398,954,2023-02-21,Resolved
1399,2878,2023-03-20,Pending
1400,9649,2024-12-23,Pending
1401,6180,2021-09-21,Pending
1402,6496,2023-03-18,Resolved
1403,6243,2021-06-04,Resolved
1404,7224,2022-03-02,Resolved
1405,2477,2021-08-02,Resolved
1406,950,2022-10-12,Pending
1407,805,2025-01-19,Resolved
1408,5452,2022-01-30,Resolved
1409,386,2025-01-08,Resolved
1410,4229,2021-05-29,Pending
1411,8636,2022-01-10,Escalated
1412,1112,2022-04-25,Resolved
1413,9705,2022-06-19,Pending
1414,4981,2023-05-24,Pending
1415,4004,2024-04-22,Pending
1416,6704,2022-10-03,Resolved
1417,37,2022-06-05,Resolved
1418,3134,2021-12-18,Pending
1419,2813,2022-05-10,Resolved
1420,5055,2024-04-09,Pending
1421,7293,2021-05-01,Resolved
1422,6419,2025-02-11,Resolved
1423,3138,2024-06-20,Pending
1424,1646,2024-10-28,Resolved
1425,9443,2022-11-18,Pending
1426,3544,2024-08-12,Pending
1427,821,2023-06-04,Resolved
1428,8664,2022-12-21,Resolved
1429,4873,2022-01-17,Escalated
1430,439,2021-06-11,Pending
1431,9960,2021-04-10,Pending
1432,3829,2023-10-24,Pending
1433,8482,2022-02-04,Resolved
1434,2178,2023-11-04,Resolved
1435,869,2021-11-17,Resolved
1436,6557,2021-08-24,Resolved
1437,5430,2023-09-18,Escalated
1438,7034,2023-02-14,Escalated
1439,5632,2022-05-05,Resolved
1440,1177,2023-02-09,Resolved
1441,2534,2022-11-14,Pending
1442,3152,2023-09-20,Escalated
1443,4627,2023-06-18,Resolved
1444,4185,2021-05-02,Pending
1445,47,2022-01-20,Resolved
1446,4986,2021-11-15,Resolved
1447,2927,2024-05-24,Escalated
1448,152,2021-05-29,Resolved
1449,5119,2024-05-22,Resolved
1450,8292,2024-10-15,Escalated
1451,9445,2023-04-08,Resolved
1452,8347,2023-12-14,Resolved
1453,2255,2024-02-05,Escalated
1454,3902,2023-08-19,Escalated
1455,396,2023-06-24,Resolved
1456,1970,2025-01-02,Resolved
1457,867,2021-03-08,Resolved
1458,6780,2022-09-01,Resolved
1459,1837,2021-05-23,Escalated
1460,3598,2022-07-14,Resolved
1461,7332,2023-04-17,Resolved
1462,8173,2023-07-27,Pending
1463,8240,2021-07-02,Resolved
1464,4351,2022-07-10,Escalated
1465,335,2022-04-18,Pending
1466,265,2022-01-17,Resolved
1467,2204,2023-11-28,Resolved
1468,878,2022-09-10,Escalated
1469,5322,2021-07-01,Pending
1470,3796,2021-11-22,Escalated
1471,9831,2023-02-26,Resolved
1472,4891,2023-03-04,Pending
1473,9218,2022-07-25,Resolved
1474,4232,2024-03-26,Pending
1475,8797,2023-06-24,Resolved
1476,495,2024-01-31,Pending
1477,5073,2024-08-17,Resolved
1478,6036,2021-03-28,Resolved
1479,3468,2022-11-02,Resolved
1480,4747,2023-04-13,Escalated
1481,9590,2024-01-19,Resolved
1482,5781,2021-12-31,Escalated
1483,4468,2021-09-17,Pending
1484,2762,2024-09-02,Resolved
1485,3747,2022-05-17,Resolved
1486,279,2022-02-20,Pending
1487,8543,2021-04-24,Resolved
1488,4556,2023-12-24,Resolved
1489,6502,2024-09-26,Resolved
1490,1345,2023-08-14,Resolved
1491,4365,2022-08-24,Resolved
1492,7696,2023-06-14,Resolved
1493,5698,2023-04-20,Pending
1494,6570,2024-09-28,Escalated
1495,6660,2024-07-19,Escalated
1496,5300,2024-10-25,Pending
1497,3111,2022-03-17,Resolved
1498,8447,2021-04-30,Resolved
1499,5569,2025-02-04,Resolved
1500,7193,2023-11-22,Pending
1501,169,2021-09-02,Pending
1502,4135,2024-05-29,Resolved
1503,3065,2021-06-28,Resolved
1504,5416,2022-08-01,Escalated
1505,3789,2021-04-30,Resolved
1506,7585,2024-12-30,Resolved
1507,1296,2022-04-26,Resolved
1508,6030,2024-08-12,Resolved
1509,7383,2024-01-16,Resolved
1510,6609,2021-06-13,Pending
1511,9279,2024-07-01,Pending
1512,5156,2023-12-25,Resolved
1513,9371,2021-12-30,Resolved
1514,3512,2024-09-20,Pending
1515,8736,2021-12-03,Pending
1516,4667,2024-05-04,Resolved
1517,2454,2023-10-11,Resolved
1518,981,2021-10-25,Resolved
1519,5822,2023-11-24,Pending
1520,5359,2025-01-03,Resolved
1521,3745,2024-04-03,Pending
1522,5610,2022-02-04,Resolved
1523,1154,2022-11-26,Resolved
1524,7328,2025-01-17,Resolved
1525,475,2023-02-11,Resolved
1526,5808,2023-10-04,Pending
1527,6056,2024-02-11,Resolved
1528,5436,2023-03-06,Resolved
1529,9689,2023-08-20,Resolved
1530,3755,2022-03-15,Resolved
1531,3510,2021-05-19,Resolved
1532,2720,2021-11-13,Resolved
1533,4046,2024-03-17,Resolved
1534,4743,2023-04-19,Resolved
1535,8403,2023-08-26,Pending
1536,7662,2023-07-29,Resolved
1537,9674,2023-04-17,Pending
1538,1841,2024-06-20,Pending
1539,1304,2023-05-10,Resolved
1540,4748,2022-11-25,Resolved
1541,9121,2021-03-23,Pending
1542,1886,2024-08-16,Pending
1543,5154,2023-06-10,Resolved
1544,4738,2024-03-08,Resolved
1545,3325,2021-05-30,Resolved
1546,7849,2023-07-31,Escalated
1547,5045,2022-12-04,Pending
1548,3790,2021-06-19,Resolved
1549,3717,2023-03-23,Resolved
1550,2486,2022-10-15,Resolved
1551,135,2021-10-08,Resolved
1552,5354,2023-05-31,Escalated
1553,8132,2021-11-29,Resolved
1554,3001,2022-03-15,Pending
1555,1688,2022-07-11,Resolved
1556,3310,2023-11-19,Pending
1557,4626,2024-03-19,Resolved
1558,3713,2024-06-27,Pending
1559,7605,2025-02-24,Escalated
1560,5715,2024-09-17,Pending
1561,7155,2023-02-24,Resolved
1562,7709,2024-12-16,Resolved
1563,3546,2023-05-10,Resolved
1564,8244,2023-08-27,Resolved
1565,974,2024-01-15,Resolved
1566,9322,2021-03-28,Resolved
1567,2390,2021-10-03,Resolved
1568,661,2021-11-03,Resolved
1569,9790,2023-07-04,Resolved
1570,485,2022-11-23,Resolved
1571,978,2025-01-13,Pending
1572,7355,2021-06-18,Pending
1573,1499,2023-06-14,Resolved
1574,3681,2023-09-28,Pending
1575,1892,2023-06-09,Resolved
1576,7161,2024-07-27,Resolved
1577,9295,2021-04-04,Resolved
1578,4011,2021-07-13,Resolved
1579,3394,2023-09-24,Pending
1580,7566,2023-04-12,Resolved
1581,6880,2024-10-03,Resolved
1582,4,2024-06-19,Resolved
1583,890,2024-08-17,Resolved
1584,1130,2024-09-10,Resolved
1585,6863,2023-11-24,Resolved
1586,3017,2022-08-26,Resolved
1587,9710,2021-04-15,Escalated
1588,4462,2023-07-21,Pending
1589,4553,2023-02-13,Resolved
1590,7186,2024-10-11,Resolved
1591,1223,2022-03-01,Resolved
1592,2858,2023-09-16,Pending
1593,226,2021-09-28,Pending
1594,9034,2024-03-26,Resolved
1595,4198,2024-11-24,Resolved
1596,1551,2021-11-22,Resolved
1597,8204,2021-03-27,Resolved
1598,667,2023-07-25,Resolved
1599,4792,2022-02-14,Resolved
1600,1214,2023-04-26,Resolved
1601,2802,2023-10-13,Resolved
1602,9227,2021-05-14,Resolved
1603,3575,2024-10-20,Resolved
1604,5708,2022-02-19,Pending
1605,6860,2022-07-07,Resolved
1606,2627,2024-02-26,Resolved
1607,1735,2022-04-20,Resolved
1608,2013,2022-09-05,Pending
1609,7485,2024-07-27,Resolved
1610,4648,2024-10-22,Resolved
1611,7902,2022-09-24,Resolved
1612,9723,2022-12-08,Resolved
1613,7502,2022-03-30,Pending
1614,5175,2024-01-03,Pending
1615,946,2023-02-07,Pending
1616,8350,2025-01-11,Escalated
1617,1360,2024-05-09,Resolved
1618,9263,2024-01-12,Resolved
1619,5718,2024-11-14,Pending
1620,9249,2021-06-07,Resolved
1621,6888,2023-10-31,Resolved
1622,2031,2023-02-25,Pending
1623,1291,2022-07-04,Resolved
1624,1652,2024-05-14,Pending
1625,4729,2023-11-12,Pending
1626,7460,2022-08-26,Pending
1627,1264,2023-09-15,Resolved
1628,419,2021-03-06,Pending
1629,165,2023-05-02,Resolved
1630,912,2021-07-28,Resolved
1631,2506,2021-03-29,Resolved
1632,3880,2023-03-14,Pending
1633,5355,2022-09-11,Resolved
1634,6864,2021-03-04,Pending
1635,6586,2023-04-24,Resolved
1636,8342,2021-11-07,Pending
1637,1346,2023-12-05,Pending
1638,2437,2024-03-02,Resolved
1639,3187,2024-09-08,Resolved
1640,4226,2022-10-05,Pending
1641,6360,2024-07-08,Resolved
1642,2422,2024-11-02,Resolved
1643,848,2021-06-14,Pending
1644,2015,2024-06-19,Resolved
1645,2144,2024-04-06,Resolved
1646,9836,2023-02-19,Resolved
1647,7123,2023-08-16,Resolved
1648,8253,2024-01-31,Pending
1649,7056,2021-06-08,Resolved
1650,6954,2022-05-02,Pending
1651,390,2024-07-08,Pending
1652,3286,2024-01-25,Resolved
1653,4737,2024-12-02,Pending
1654,4444,2023-03-29,Resolved
1655,892,2024-08-02,Resolved
1656,7911,2022-07-28,Pending
1657,9589,2022-04-27,Pending
1658,4804,2024-03-23,Resolved
1659,5098,2024-04-08,Pending
1660,4030,2022-09-29,Pending
1661,4062,2023-01-10,Resolved
1662,9277,2021-12-05,Resolved
1663,7973,2024-10-13,Pending
1664,8301,2022-07-24,Pending
1665,1715,2024-03-18,Escalated
1666,4854,2022-07-30,Resolved
1667,4859,2021-04-30,Resolved
1668,6987,2023-10-22,Escalated
1669,2999,2023-02-17,Escalated
1670,1576,2022-10-25,Resolved
1671,5113,2023-05-14,Resolved
1672,4299,2022-08-24,Escalated
1673,3496,2021-09-03,Resolved
1674,2549,2023-04-20,Escalated
1675,5360,2021-09-24,Escalated
1676,3012,2021-09-12,Escalated
1677,2772,2024-07-20,Escalated
1678,1009,2022-01-11,Resolved
1679,8314,2024-09-27,Resolved
1680,7972,2023-05-25,Resolved
1681,8266,2023-06-12,Resolved
1682,6117,2021-04-02,Resolved
1683,5553,2024-02-06,Pending
1684,9840,2021-06-03,Pending
1685,285,2023-03-23,Resolved
1686,1978,2021-07-09,Resolved
1687,2749,2022-12-31,Resolved
1688,8369,2022-08-12,Pending
1689,1769,2024-12-26,Resolved
1690,4514,2021-10-23,Resolved
1691,6778,2024-06-09,Resolved
1692,1331,2024-12-01,Resolved
1693,5117,2022-12-24,Pending
1694,9150,2024-07-07,Resolved
1695,3970,2022-05-25,Resolved
1696,975,2025-02-11,Resolved
1697,3270,2022-11-13,Resolved
1698,3792,2022-04-07,Pending
1699,3384,2024-08-11,Escalated
1700,5469,2021-10-25,Pending
1701,6133,2024-11-01,Resolved
1702,1071,2023-10-24,Pending
1703,5424,2023-10-07,Pending
1704,5702,2022-06-06,Pending
1705,9298,2022-05-13,Resolved
1706,9998,2021-04-20,Pending
1707,4466,2025-01-04,Resolved
1708,8279,2022-11-23,Pending
1709,2185,2022-08-24,Resolved
1710,2394,2023-12-05,Escalated
1711,651,2022-04-06,Pending
1712,7252,2022-06-17,Pending
1713,1724,2021-11-13,Pending
1714,6263,2022-01-22,Escalated
1715,3256,2023-05-08,Resolved
1716,8758,2022-12-21,Resolved
1717,8358,2022-01-16,Pending
1718,1884,2022-07-06,Resolved
1719,5870,2023-02-17,Resolved
1720,2076,2023-07-21,Resolved
1721,7219,2023-01-20,Resolved
1722,3028,2023-02-01,Resolved
1723,8234,2023-08-12,Pending
1724,2979,2021-06-01,Resolved
1725,6813,2023-07-25,Escalated
1726,2509,2024-10-17,Resolved
1727,519,2023-06-25,Resolved
1728,7069,2025-02-27,Resolved
1729,114,2022-09-07,Pending
1730,3536,2021-09-10,Resolved
1731,1145,2021-09-10,Escalated
1732,4700,2022-05-03,Escalated
1733,6146,2022-05-04,Pending
1734,6445,2024-07-27,Resolved
1735,8627,2022-05-28,Resolved
1736,2819,2024-10-12,Resolved
1737,5444,2022-07-04,Resolved
1738,884,2022-08-28,Resolved
1739,9677,2024-04-06,Resolved
1740,3948,2023-06-18,Resolved
1741,9396,2023-06-29,Pending
1742,1088,2024-05-03,Resolved
1743,6199,2024-01-30,Escalated
1744,7727,2023-11-20,Resolved
1745,2816,2022-06-01,Resolved
1746,3266,2021-05-04,Resolved
1747,4292,2021-10-19,Pending
1748,4948,2024-11-28,Resolved
1749,1439,2024-07-23,Resolved
1750,5312,2022-05-24,Resolved
1751,1000,2021-09-09,Pending
1752,2117,2024-09-14,Resolved
1753,194,2022-06-29,Resolved
1754,6167,2021-10-11,Pending
1755,4338,2024-07-07,Resolved
1756,3529,2025-01-30,Escalated
1757,4201,2021-12-23,Resolved
1758,9675,2021-10-13,Resolved
1759,3847,2024-06-19,Resolved
1760,7773,2023-02-19,Resolved
1761,3137,2025-02-05,Escalated
1762,9756,2023-10-29,Resolved
1763,4111,2021-04-17,Resolved
1764,5319,2022-07-10,Resolved
1765,5417,2021-11-18,Resolved
1766,8496,2023-06-27,Resolved
1767,4555,2022-06-12,Resolved
1768,4966,2021-12-01,Resolved
1769,6143,2023-12-06,Resolved
1770,8326,2022-12-31,Resolved
1771,8426,2022-01-08,Resolved
1772,9267,2024-01-12,Resolved
1773,7026,2023-08-20,Pending
1774,7336,2022-01-19,Escalated
1775,1158,2024-04-11,Resolved
1776,3950,2022-11-19,Resolved
1777,3376,2024-06-16,Resolved
1778,2654,2023-09-04,Pending
1779,2143,2023-09-01,Pending
1780,1148,2024-05-26,Pending
1781,4384,2022-10-28,Resolved
1782,3706,2023-03-04,Resolved
1783,8062,2021-08-20,Pending
1784,5919,2023-11-03,Escalated
1785,600,2024-06-15,Resolved
1786,5336,2021-07-15,Resolved
1787,2250,2021-10-26,Resolved
1788,5496,2022-08-12,Pending
1789,4594,2025-02-17,Pending
1790,2713,2021-06-12,Pending
1791,2400,2021-03-08,Pending
1792,1140,2024-08-21,Escalated
1793,6773,2023-06-27,Resolved
1794,6433,2022-02-20,Resolved
1795,7581,2023-08-29,Resolved
1796,5728,2024-05-24,Pending
1797,695,2023-08-30,Resolved
1798,3289,2021-09-30,Resolved
1799,9992,2023-07-05,Pending
1800,1986,2021-04-04,Pending
1801,3097,2022-04-23,Resolved
1802,2632,2024-10-27,Resolved
1803,8609,2022-08-07,Pending
1804,7588,2024-01-22,Resolved
1805,1768,2021-05-18,Pending
1806,1748,2022-11-25,Pending
1807,656,2024-05-19,Resolved
1808,4051,2023-04-20,Pending
1809,9384,2024-01-17,Resolved
1810,2156,2021-09-26,Resolved
1811,655,2022-12-02,Resolved
1812,8060,2024-01-05,Resolved
1813,830,2023-04-12,Resolved
1814,1592,2022-02-14,Resolved
1815,6334,2023-02-24,Pending
1816,4992,2024-12-08,Pending
1817,73,2022-05-28,Pending
1818,2341,2023-05-05,Pending
1819,3877,2021-07-22,Resolved
1820,1967,2022-03-06,Pending
1821,2919,2023-12-24,Resolved
1822,8580,2025-01-13,Resolved
1823,4010,2021-04-06,Resolved
1824,7824,2023-07-27,Pending
1825,4929,2022-05-23,Pending
1826,9874,2023-01-25,Resolved
1827,3267,2022-02-05,Resolved
1828,9068,2023-08-12,Escalated
1829,9319,2022-04-09,Pending
1830,7382,2024-05-24,Pending
1831,7265,2022-11-19,Resolved
1832,9098,2023-05-15,Resolved
1833,1135,2021-04-02,Resolved
1834,3365,2024-12-28,Resolved
1835,931,2023-08-13,Escalated
1836,1921,2021-04-01,Escalated
1837,7038,2021-05-19,Resolved
1838,2188,2024-02-27,Resolved
1839,5229,2024-03-01,Resolved
1840,1846,2023-05-16,Escalated
1841,7021,2024-10-18,Resolved
1842,1709,2023-01-13,Pending
1843,8102,2024-05-25,Pending
1844,3937,2021-06-16,Escalated
1845,3698,2024-09-17,Resolved
1846,6325,2023-01-25,Escalated
1847,6531,2021-06-29,Pending
1848,5041,2022-07-03,Pending
1849,9605,2021-04-28,Pending
1850,9488,2021-10-02,Resolved
1851,3995,2024-05-31,Escalated
1852,5184,2024-06-06,Pending
1853,8364,2024-04-20,Pending
1854,3390,2025-01-21,Resolved
1855,701,2023-03-27,Resolved
1856,944,2021-09-11,Pending
1857,8722,2022-12-31,Resolved
1858,5590,2022-06-24,Resolved
1859,9208,2021-07-30,Resolved
1860,9237,2023-11-09,Resolved
1861,3324,2025-01-28,Pending
1862,7128,2022-12-16,Resolved
1863,1408,2022-05-03,Escalated
1864,6292,2024-09-27,Resolved
1865,9668,2021-08-08,Escalated
1866,1545,2022-07-30,Pending
1867,1956,2024-11-21,Resolved
1868,5083,2021-06-16,Escalated
1869,2202,2022-06-23,Resolved
1870,6247,2023-08-28,Pending
1871,8175,2024-06-14,Resolved
1872,491,2023-11-15,Resolved
1873,4107,2022-09-12,Escalated
1874,789,2025-01-08,Resolved
1875,4517,2025-01-18,Escalated
1876,4803,2022-10-04,Escalated
1877,2000,2022-09-13,Resolved
1878,3591,2023-07-05,Resolved
1879,7793,2024-01-13,Pending
1880,88,2024-04-08,Resolved
1881,1219,2023-04-22,Resolved
1882,1623,2024-04-12,Resolved
1883,9670,2021-06-10,Resolved
1884,5425,2024-08-30,Pending
1885,8057,2022-12-25,Resolved
1886,1890,2023-12-13,Resolved
1887,3619,2022-01-03,Resolved
1888,8475,2023-07-02,Pending
1889,6754,2023-01-25,Resolved
1890,3481,2023-02-08,Resolved
1891,3430,2021-07-21,Escalated
1892,7553,2022-05-27,Resolved
1893,6508,2022-12-19,Resolved
1894,8594,2021-03-22,Pending
1895,8184,2023-11-13,Pending
1896,8804,2024-01-07,Pending
1897,1600,2022-07-28,Resolved
1898,4414,2022-12-10,Resolved
1899,3938,2024-10-03,Resolved
1900,7794,2021-11-28,Pending
1901,3477,2022-08-28,Resolved
1902,1036,2023-07-20,Pending
1903,2360,2021-11-25,Resolved
1904,5340,2022-07-22,Pending
1905,1365,2024-01-25,Resolved
1906,4660,2023-11-21,Escalated
1907,3191,2023-05-21,Escalated
1908,8844,2021-05-19,Pending
1909,2082,2023-03-06,Resolved
1910,1129,2025-01-28,Resolved
1911,1791,2023-09-04,Escalated
1912,8138,2021-06-19,Pending
1913,4559,2023-06-23,Resolved
1914,141,2023-01-10,Pending
1915,9417,2023-09-13,Pending
1916,4104,2023-04-22,Resolved
1917,2775,2024-06-03,Resolved
1918,3099,2021-04-12,Escalated
1919,8168,2023-09-29,Pending
1920,6917,2025-01-11,Resolved
1921,65,2022-07-07,Pending
1922,9258,2025-03-03,Resolved
1923,1072,2024-07-18,Escalated
1924,3398,2021-05-07,Pending
1925,1848,2024-01-17,Escalated
1926,4642,2023-01-16,Resolved
1927,2861,2022-05-15,Resolved
1928,4261,2022-11-11,Pending
1929,5665,2023-04-01,Resolved
1930,3062,2021-11-16,Resolved
1931,2801,2021-08-17,Pending
1932,1993,2022-12-03,Resolved
1933,3625,2024-08-01,Resolved
1934,5564,2023-07-21,Resolved
1935,1533,2023-02-18,Pending
1936,1758,2021-11-09,Resolved
1937,9183,2025-01-23,Escalated
1938,9480,2024-11-30,Resolved
1939,7543,2022-03-28,Pending
1940,3489,2023-04-04,Pending
1941,5536,2023-02-25,Pending
1942,2205,2023-01-02,Resolved
1943,9968,2024-06-22,Resolved
1944,8956,2024-06-26,Pending
1945,8212,2023-11-11,Escalated
1946,4888,2021-07-31,Resolved
1947,2725,2025-01-14,Escalated
1948,6294,2024-12-07,Resolved
1949,4090,2021-05-06,Resolved
1950,6266,2023-11-23,Resolved
1951,4916,2022-11-23,Pending
1952,7041,2023-11-27,Pending
1953,1077,2023-08-27,Resolved
1954,4083,2024-03-08,Pending
1955,2615,2023-06-12,Pending
1956,5410,2023-03-12,Pending
1957,6621,2022-09-01,Escalated
1958,5134,2022-03-02,Pending
1959,7652,2023-01-03,Escalated
1960,8197,2024-07-31,Resolved
1961,6885,2023-02-18,Pending
1962,401,2022-12-03,Escalated
1963,4144,2021-08-07,Resolved
1964,5962,2024-11-24,Pending
1965,9391,2022-07-20,Resolved
1966,5571,2022-07-11,Resolved
1967,414,2022-09-11,Pending
1968,699,2021-11-12,Resolved
1969,800,2024-08-14,Resolved
1970,8407,2022-08-19,Resolved
1971,8439,2022-05-25,Pending
1972,8422,2021-05-01,Escalated
1973,2346,2023-03-11,Resolved
1974,6408,2022-03-20,Pending
1975,1737,2024-08-06,Resolved
1976,6463,2024-07-18,Pending
1977,2733,2024-11-04,Pending
1978,8078,2022-10-08,Resolved
1979,7040,2024-06-22,Pending
1980,6665,2021-06-19,Resolved
1981,2306,2024-09-21,Pending
1982,9113,2024-03-14,Resolved
1983,1241,2022-01-17,Pending
1984,9596,2021-05-29,Resolved
1985,1226,2021-12-17,Resolved
1986,2246,2022-11-30,Resolved
1987,8679,2022-10-05,Resolved
1988,2359,2021-07-16,Pending
1989,3977,2024-01-10,Resolved
1990,5408,2023-10-06,Resolved
1991,2392,2022-07-29,Escalated
1992,1788,2024-02-17,Resolved
1993,8884,2021-12-12,Resolved
1994,4341,2021-08-01,Pending
1995,1034,2023-09-17,Resolved
1996,7415,2023-03-31,Resolved
1997,7050,2022-07-09,Resolved
1998,9476,2024-02-10,Resolved
1999,2090,2023-10-11,Pending
2000,7376,2022-11-09,Pending
